pos,ref_aa,mut_aa,mut_aa_count,ref_count,fix_aa,sel_mut_aa,dg_codons,expanded_codons,n_codons,n_expanded_codons,wt_aa
24,P,['S'],[1000],0.0,S,"['S', 'P']",['AGC'],['AGC'],1,1,
129,P,"['S', 'D', 'A', 'T', 'G', 'Q', 'H']","[894, 38, 60, 2, 2, 3, 1]",0.0,S,"['S', 'P']",['AGC'],['AGC'],1,1,
198,N,"['D', 'S']","[995, 5]",0.0,D,"['D', 'N']",['GAT'],['GAT'],1,1,
207,R,"['A', 'E', 'V', 'K', 'Y']","[830, 156, 2, 4, 5]",3.0,A,"['A', 'E', 'R']",['GCG'],['GCG'],1,1,
97,S,"['N', 'D']","[967, 28]",5.0,N,"['N', 'S']",['AAC'],['AAC'],1,1,
250,K,"['N', 'G', 'Y', 'R']","[656, 142, 166, 2]",34.0,,"['N', 'G', 'Y', 'K']","['TAT', 'AAS', 'GGC']","['TAT', 'AAC', 'AAG', 'GGC']",3,4,
42,K,"['E', 'R', 'N', 'D', 'S']","[298, 164, 279, 29, 16]",214.0,,"['E', 'R', 'N', 'K']","['AAC', 'RAA', 'CGC']","['AAC', 'AAA', 'GAA', 'CGC']",3,4,
259,S,"['A', 'T', 'G', 'Y', 'F', 'W']","[349, 346, 13, 3, 3, 2]",284.0,,"['A', 'T', 'S']","['AGC', 'RCC']","['AGC', 'ACC', 'GCC']",2,3,
179,N,"['D', 'Q', 'T', 'A', 'Y', 'R', 'K']","[410, 209, 4, 4, 3, 2, 1]",367.0,,"['D', 'Q', 'N']","['CAG', 'RAC']","['CAG', 'AAC', 'GAC']",2,3,
74,N,"['D', 'S']","[518, 1]",481.0,,"['D', 'N']",['RAC'],"['AAC', 'GAC']",1,2,
3,T,"['S', 'L', 'A', 'V', 'Y']","[229, 36, 91, 85, 8]",551.0,,"['S', 'T']",['ASC'],"['ACC', 'AGC']",1,2,
265,E,"['Q', 'A']","[362, 1]",637.0,,"['Q', 'E']",['SAG'],"['CAG', 'GAG']",1,2,
86,A,"['S', 'V']","[318, 4]",678.0,,"['S', 'A']","['TCT', 'GCG']","['TCT', 'GCG']",2,2,
224,A,"['L', 'V', 'T', 'S']","[18, 250, 25, 23]",684.0,,"['V', 'A']",['GYG'],"['GCG', 'GTG']",1,2,
188,A,"['S', 'P', 'T', 'K', 'G']","[152, 82, 18, 1, 1]",746.0,,"['S', 'A']","['AGC', 'GCC']","['AGC', 'GCC']",2,2,
96,,,,,S,,,,1,1,S
203,,,,,L,,,,1,1,L
212,,,,,S,,,,1,1,S
218,,,,,A,,,,1,1,A
